question,option_a,option_b,option_c,option_d,correct_option,topic,difficulty,explanation
"What is the worst-case time complexity of QuickSort when the pivot selection always picks the smallest or largest element?","O(n log n)","O(n^2)","O(n)","O(log n)","B","DSA","Easy","When QuickSort consistently selects an extreme element as the pivot, the recursion tree degenerates into depth n, yielding O(n^2) worst-case time complexity."
"Which of the following data structures is preferred for implementing Breadth-First Search (BFS) on a graph?","Stack","Priority Queue","Queue","Binary Search Tree","C","DSA","Easy","BFS explores nodes level by level in First-In-First-Out order, making a Queue the standard data structure."
"In an AVL tree, what is the maximum allowed difference between heights of left and right subtrees for any node?","0","1","2","log(n)","B","DSA","Easy","The balance factor of an AVL tree node is defined as height(left) - height(right), which must strictly be -1, 0, or +1."
"What is the time complexity to find the median of an unsorted array of size n using the Quickselect algorithm in average case?","O(1)","O(log n)","O(n)","O(n log n)","C","DSA","Medium","Quickselect discards half of the search partition at each step on average (n + n/2 + n/4 + ...), summing geometrically to O(n)."
"Which collision resolution technique in Hash Tables suffers from primary clustering?","Quadratic Probing","Double Hashing","Separate Chaining","Linear Probing","D","DSA","Medium","Linear probing places colliding keys into contiguous occupied slots, causing clusters to merge and grow rapidly (primary clustering)."
"In Floyd-Warshall's algorithm, what does the matrix cell D[i][j] represent after k outer loop iterations?","Shortest path using at most k edges","Shortest path using intermediate vertices from {1, 2, ..., k}","Longest cycle length through vertex k","Minimum spanning tree weight between i and j","B","DSA","Medium","Floyd-Warshall dynamic programming states that after step k, D[i][j] holds the shortest distance using only vertices {1..k} as intermediate nodes."
"What is the amortized time complexity of inserting n elements into an initially empty dynamic array (like std::vector) that doubles capacity upon filling?","O(1) per insertion","O(n) per insertion","O(log n) per insertion","O(n^2) total","A","DSA","Medium","Although resizing takes O(n), it occurs exponentially less often, leading to total cost O(n) for n inserts, or O(1) amortized per insert."
"Which algorithm finds the strongly connected components (SCCs) of a directed graph using two DFS traversals?","Tarjan's Algorithm","Kosaraju's Algorithm","Dijkstra's Algorithm","Kruskal's Algorithm","B","DSA","Medium","Kosaraju's algorithm performs one DFS to record finish times, reverses graph edges, and performs a second DFS on the transposed graph."
"What is the maximum number of nodes in a binary tree of height h (where a tree with just the root has height 0)?","2^h","2^(h+1) - 1","2^h - 1","2^(h-1) + 1","B","DSA","Easy","Sum of powers of 2 from level 0 to h is 1 + 2 + 4 + ... + 2^h = 2^(h+1) - 1."
"Which data structure is most suitable for implementing an LRU (Least Recently Used) Cache with O(1) get and put operations?","Array + Stack","Hash Map + Doubly Linked List","Binary Heap + Queue","Red-Black Tree","B","DSA","Medium","A Hash Map provides O(1) lookup to nodes, while a Doubly Linked List allows O(1) removal and re-insertion at the head."
"What is the optimal substructure relation for the 0/1 Knapsack Problem with capacity W and items (w_i, v_i)?","dp[i][w] = max(dp[i-1][w], v_i + dp[i-1][w - w_i])","dp[i][w] = min(dp[i-1][w], v_i + dp[i-1][w - w_i])","dp[i][w] = dp[i-1][w] + dp[i][w - w_i]","dp[i][w] = max(dp[i][w-1], dp[i-1][w])","A","DSA","Medium","For each item i, we either exclude it (dp[i-1][w]) or include it if w >= w_i (v_i + dp[i-1][w - w_i]), taking the maximum."
"In a min-heap with n elements represented as an array (1-based index), where is the left child of node i located?","2i - 1","2i","2i + 1","i / 2","B","DSA","Easy","In standard 1-based binary heap indexing, the left child of node i is at 2i and the right child is at 2i + 1."
"What is the time complexity of the Disjoint Set Union (DSU) Find operation when both Union by Rank and Path Compression are used?","O(log n)","O(n)","O(alpha(n)) (Inverse Ackermann)","O(1) strict worst-case","C","DSA","Hard","Combining path compression and union by rank yields an amortized time complexity of O(alpha(n)) per operation, where alpha is the extremely slow-growing inverse Ackermann function."
"Which of the following problems is known to be NP-Complete?","Shortest Path in Directed Graph with non-negative weights","Minimum Spanning Tree","Eulerian Circuit existence","0/1 Knapsack Decision Problem","D","DSA","Medium","The 0/1 Knapsack decision problem is NP-Complete (solvable in pseudo-polynomial time via dynamic programming)."
"What is the recurrence relation for the Merge Sort algorithm on an input of size n?","T(n) = 2T(n/2) + O(n)","T(n) = T(n-1) + O(n)","T(n) = 2T(n/2) + O(1)","T(n) = T(n/2) + O(n)","A","DSA","Easy","Merge Sort divides the array into 2 halves (2T(n/2)) and merges them in linear time (O(n))."
"How many swaps are required to sort the array [4, 3, 2, 1] using Selection Sort?","2","3","6","4","A","DSA","Medium","Step 1: swap index 0 and 3 -> [1, 3, 2, 4]. Step 2: swap index 1 and 2 -> [1, 2, 3, 4]. Total swaps = 2."
"In a Red-Black Tree, every path from the root to any descendant leaf node contains the same number of:","Red nodes","Black nodes","Total nodes","Leaf nodes","B","DSA","Medium","Property 5 of Red-Black Trees states that all paths from any node to its descendant leaves must contain the exact same number of black nodes (black-height)."
"What is the space complexity of Depth First Search (DFS) on a tree of height h with maximum branching factor b?","O(b^h)","O(h)","O(b * h)","O(1)","B","DSA","Medium","The call stack memory consumption in DFS on a tree is proportional to the maximum recursion depth, which is the height of the tree h."
"Which string matching algorithm preprocesses the pattern to compute a 'pi' (prefix) table in O(m) time?","Rabin-Karp","Knuth-Morris-Pratt (KMP)","Boyer-Moore","Aho-Corasick","B","DSA","Medium","KMP computes the longest proper prefix which is also a suffix (LPS / pi array) to avoid backtracking in the text string."
"Given an adjacency matrix of an undirected graph without self-loops, what does the sum of entries in row i represent?","Number of connected components","In-degree of vertex i minus out-degree","Degree of vertex i","Eccentricity of vertex i","C","DSA","Easy","In an unweighted adjacency matrix of an undirected graph, each 1 in row i indicates an incident edge, so the row sum equals the degree of vertex i."
"What is the time complexity to find the diameter of a binary tree in optimal single-pass post-order traversal?","O(n^2)","O(n log n)","O(n)","O(h^2)","C","DSA","Medium","By computing the subtree height and updating diameter in the same bottom-up post-order DFS, each node is visited once in O(n) total time."
"Which data structure is constructed in O(n) time using Floyd's build-heap algorithm for n items?","Binary Search Tree","Binary Heap","B-Tree","Skip List","B","DSA","Medium","Floyd's bottom-up sift-down algorithm builds a valid binary heap in linear O(n) time, as most nodes reside near the leaves requiring fewer comparisons."
"In Tarjan's bridge-finding algorithm, an edge (u, v) is a bridge if and only if:","low[v] > disc[u]","low[v] < disc[u]","disc[v] == disc[u] + 1","low[u] == low[v]","A","DSA","Hard","If low[v] > disc[u], no vertex in the subtree rooted at v has a back edge to u or any ancestor of u, meaning removing (u, v) disconnects the graph."
"What is the minimum number of queues needed to implement a FIFO queue?","0","1","2","3","B","DSA","Easy","A FIFO queue can be implemented natively with 1 queue; 2 queues are typically needed to implement a LIFO Stack."
"What is the auxiliary space complexity of Merge Sort on an array of size n?","O(1)","O(log n)","O(n)","O(n log n)","C","DSA","Easy","Standard array-based Merge Sort requires an auxiliary buffer of size n during the merge step to hold elements."
"In a Trie containing n keys of maximum length L over an alphabet of size sigma, what is the search time for a query key of length k?","O(n * L)","O(k)","O(sigma * log n)","O(k * log n)","B","DSA","Medium","Searching for a word of length k in a Trie traverses at most k edges, making search time O(k), independent of total keys n."
"Which topological sort algorithm computes in-degrees of all vertices and uses a queue of zero-in-degree nodes?","Kahn's Algorithm","Tarjan's SCC Algorithm","Dijkstra's Algorithm","Prim's Algorithm","A","DSA","Easy","Kahn's algorithm iteratively removes vertices with in-degree 0 from a queue and decrements adjacent vertices' in-degrees."
"What is the maximum number of edges in a simple bipartite graph with n vertices?","n(n-1)/2","floor(n^2 / 4)","2n","n^2 - n","B","DSA","Medium","By Turán's theorem, a bipartite graph with vertex partitions of size k and n-k maximizes edges when k = floor(n/2), giving floor(n^2 / 4) edges."
"In dynamic programming, what is the difference between Memoization and Tabulation?","Memoization is Bottom-Up; Tabulation is Top-Down","Memoization is Top-Down with caching; Tabulation is Bottom-Up iterative","Memoization uses trees; Tabulation uses hash tables","Memoization always uses less memory than Tabulation","B","DSA","Easy","Memoization stores solutions to subproblems during top-down recursion, while Tabulation iteratively fills a table from base cases up."
"What is the time complexity of Bellman-Ford algorithm on a graph with V vertices and E edges?","O(V + E)","O(V * E)","O(E log V)","O(V^3)","B","DSA","Medium","Bellman-Ford relaxes all E edges across (V - 1) iterations, resulting in an O(V * E) time complexity."
"Which OOP concept focuses on exposing only essential features while hiding internal implementation details?","Polymorphism","Abstraction","Inheritance","Association","B","OOPS","Easy","Abstraction isolates the external contract from the internal mechanics, providing a clean interface to users."
"What design pattern ensures a class has only one instance and provides a global point of access to it?","Factory Pattern","Singleton Pattern","Observer Pattern","Decorator Pattern","B","OOPS","Easy","Singleton restricts instantiation of a class to a single object and controls shared access."
"In C++, dynamic dispatch (runtime polymorphism) is achieved through which mechanism?","Virtual Function Table (vtable)","Friend Functions","Inline Functions","Template Specialization","A","OOPS","Medium","The compiler constructs a vtable storing pointers to virtual member functions, resolved at runtime using the object's vptr."
"What does the 'L' stand for in the SOLID object-oriented design principles?","Linear Execution Principle","Liskov Substitution Principle","Lazy Loading Principle","Loose Coupling Principle","B","OOPS","Easy","Liskov Substitution Principle states that subtypes must be substitutable for their base types without altering correctness."
"Which of the following describes Method Overloading?","Same method name, different parameter lists in the same class","Same method name and parameters in subclass overriding superclass","Method defined in interface without body","Changing method return type without changing arguments","A","OOPS","Easy","Method overloading is compile-time polymorphism where methods share the same name but differ in parameter count or types."
"What is the 'Diamond Problem' in object-oriented programming?","A class having four private constructors","Ambiguity when two parent classes inherit from the same ancestor and a child inherits from both","Memory leak caused by circular references in smart pointers","Failure to garbage collect singleton instances","B","OOPS","Medium","When class D inherits from B and C, both inheriting from A, D has multiple conflicting copies or paths to A's members unless virtual inheritance is used."
"Which relationship is best described by: 'A Car HAS-A Engine, and the Engine cannot exist independently if the Car is destroyed'?","Aggregation","Composition","Generalization","Dependency Injection","B","OOPS","Medium","Composition is a strict form of 'has-a' association where the component's lifecycle is bound to the owner's lifecycle."
"Which design pattern is best suited for attaching additional responsibilities to an object dynamically without modifying its class?","Decorator Pattern","Adapter Pattern","Proxy Pattern","Strategy Pattern","A","OOPS","Medium","Decorator wraps an object in another class implementing the same interface to augment functionality transparently."
"What does the Dependency Inversion Principle (the 'D' in SOLID) dictate?","Classes should depend on concrete implementations, not abstractions","High-level modules should not depend on low-level modules; both should depend on abstractions","Subclasses must invert parent class state","Constructors must always instantiate all dependencies directly","B","OOPS","Medium","DIP promotes loose coupling by ensuring high-level policy code depends on abstract contracts rather than fragile low-level details."
"In C++, why should a base class destructor almost always be declared 'virtual'?","To prevent child classes from defining destructors","To ensure the derived class destructor is called when deleting via a base pointer","To speed up heap deallocation","To allow the destructor to accept parameters","B","OOPS","Medium","Without a virtual destructor, deleting a derived object through a base pointer causes undefined behavior and leaks derived resources."
"Which design pattern defines a family of algorithms, encapsulates each one, and makes them interchangeable at runtime?","Observer Pattern","Command Pattern","Strategy Pattern","Template Method Pattern","C","OOPS","Easy","Strategy pattern enables client code to choose and swap algorithmic strategies dynamically based on context."
"What is an abstract class in object-oriented programming?","A class that cannot have any member variables","A class that cannot be directly instantiated and contains at least one abstract method","A class that is automatically marked final","A class whose methods can only be invoked statically","B","OOPS","Easy","Abstract classes serve as blueprints for derived classes and cannot be instantiated directly on their own."
"What is the primary difference between an Interface and an Abstract Class in traditional OOP?","Interfaces can instantiate objects, abstract classes cannot","A class can implement multiple interfaces, but typically inherit from only one abstract class","Interfaces cannot contain method signatures","Abstract classes can never have concrete method implementations","B","OOPS","Easy","Languages like Java and C# permit multiple interface implementation but enforce single class inheritance."
"Which design pattern decouples an abstraction from its implementation so that the two can vary independently?","Bridge Pattern","Flyweight Pattern","Facade Pattern","Prototype Pattern","A","OOPS","Hard","The Bridge pattern replaces inheritance with object composition to prevent exponential class explosion across two orthogonal dimensions."
"What is encapsulation primarily intended to protect against?","Slow runtime execution","Direct, unauthorized modification of an object's internal state","Compiler optimization passes","Overriding virtual functions","B","OOPS","Easy","Encapsulation bundles data with accessor methods and hides representation to maintain valid object invariants."
"What is the Open-Closed Principle (the 'O' in SOLID)?","Software entities should be open for modification, but closed for extension","Software entities should be open for extension, but closed for modification","Files must be closed immediately after opening","Methods must only accept open generic types","B","OOPS","Easy","OCP states you should be able to extend class behavior without altering its existing source code."
"In the Observer design pattern, what is the role of the Subject?","It maintains a list of observers and notifies them automatically of state changes","It transforms JSON requests into XML","It acts as a caching layer between database and controller","It limits client connections to a single thread","A","OOPS","Easy","The Subject tracks registered listeners (observers) and broadcasts notifications whenever its state changes."
"What is covariance of return types in method overriding?","An overriding method may return a subtype of the return type declared in the base method","An overriding method must return void","Return types must be converted to generic wildcards","Overriding methods must return an array of objects","A","OOPS","Medium","Covariant return types allow a subclass to narrow the returned object type to a more specific subclass."
"Which Gang of Four pattern is used to reduce memory footprint by sharing common state among large numbers of fine-grained objects?","Flyweight Pattern","Memento Pattern","Interpreter Pattern","State Pattern","A","OOPS","Medium","Flyweight separates intrinsic (shared, immutable) state from extrinsic (contextual) state to save memory."
"What design pattern converts the interface of a class into another interface that clients expect?","Adapter Pattern","Builder Pattern","Chain of Responsibility","Mediator Pattern","A","OOPS","Easy","Adapter acts as a wrapper that translates incompatible interfaces between components."
"What is an anti-pattern known as 'God Object'?","An object that creates databases dynamically","A class that knows or does too much, centralizing most system responsibilities","An object that cannot be instantiated","An immutable singleton object","B","OOPS","Easy","The God Object violates Single Responsibility by aggregating excessive state and business logic into a single monolithic class."
"In C++, what does an explicit constructor prevent?","Inheritance by derived classes","Implicit conversions and copy-initialization from argument types","Destruction when exiting scope","Stack allocation","B","OOPS","Medium","Marking a single-argument constructor explicit disallows unintended implicit type coercion by the compiler."
"What is the purpose of the Factory Method pattern?","To instantiate objects without exposing the exact instantiation logic to the client","To serialize objects into binary format","To create an infinite pool of database threads","To monitor CPU utilization across classes","A","OOPS","Easy","Factory Method delegates object creation to subclass implementations through a common interface."
"What is the difference between static binding and dynamic binding?","Static occurs at compile time; Dynamic occurs at runtime","Static is for heap memory; Dynamic is for stack memory","Static binding only works in Python","Dynamic binding is faster than static binding","A","OOPS","Easy","Static binding links function calls at compile time (early binding), while dynamic binding resolves them at execution based on dynamic type."
"Which principle of SOLID is violated if an interface has 40 methods and implementing classes only use 2 of them?","Single Responsibility Principle","Interface Segregation Principle","Liskov Substitution Principle","Open-Closed Principle","B","OOPS","Easy","ISP states that clients should never be forced to depend upon interfaces containing methods they do not consume."
"What does the 'I' in the ACID transaction properties stand for?","Inheritance","Isolation","Integrity","Idempotency","B","DBMS","Easy","ACID stands for Atomicity, Consistency, Isolation, and Durability."
"Which normal form requires the removal of transitive dependencies for non-prime attributes?","First Normal Form (1NF)","Second Normal Form (2NF)","Third Normal Form (3NF)","Boyce-Codd Normal Form (BCNF)","C","DBMS","Easy","3NF builds on 2NF by eliminating transitive dependencies (X -> Y and Y -> Z where Z is non-prime)."
"Which SQL clause is used to filter aggregated grouped rows produced by the GROUP BY clause?","WHERE","HAVING","ORDER BY","LIMIT","B","DBMS","Easy","WHERE filters rows before aggregation, while HAVING filters the post-aggregation summary groups."
"In database concurrency control, what is a 'Dirty Read' anomaly?","A transaction reads uncommitted changes made by another concurrent transaction","A transaction re-reads data and finds it has been deleted","Two transactions overwrite each other's data simultaneously","A query fails due to disk sector corruption","A","DBMS","Medium","Dirty read occurs at Read Uncommitted isolation when transaction A inspects uncommitted updates from transaction B that may later be rolled back."
"What is the primary difference between a B-Tree and a B+ Tree index structure?","B-Trees have faster range scans than B+ Trees","In a B+ Tree, data pointers are exclusively stored in leaf nodes and leaves are linked sequentially","B+ Trees can only store integer keys","B-Trees are strictly binary trees","B","DBMS","Medium","B+ trees store all actual records/pointers in leaf nodes connected by a linked list, enabling rapid contiguous range scans."
"Which isolation level prevents Dirty Reads and Non-Repeatable Reads, but still allows Phantom Reads in SQL standard?","Read Uncommitted","Read Committed","Repeatable Read","Serializable","C","DBMS","Medium","Repeatable Read locks accessed rows to prevent modification, but may allow new rows matching a range predicate (phantoms) unless table/predicate locks are held."
"What type of join returns all matching records from both tables plus all unmatched rows from the left table?","INNER JOIN","LEFT OUTER JOIN","CROSS JOIN","FULL OUTER JOIN","B","DBMS","Easy","LEFT OUTER JOIN keeps all rows from the left relation, substituting NULLs for non-matching attributes from the right relation."
"In Two-Phase Locking (2PL), what characterizes the 'Shrinking Phase'?","Transactions can acquire new locks but cannot release any","Transactions can release existing locks but cannot acquire any new locks","Transactions delete uncommitted log records","Database engine compresses index pages","B","DBMS","Medium","2PL guarantees serializability by requiring that once a transaction releases any lock (shrinking), it may never obtain further locks."
"What does the Write-Ahead Logging (WAL) protocol mandate in transactional databases?","Log records must be written to stable storage before corresponding dirty data pages are flushed to disk","Queries must be logged before they are parsed by the SQL engine","Indexes must be rebuilt before transactions commit","Data must be replicated to a secondary node before logging","A","DBMS","Medium","WAL guarantees Atomicity and Durability by ensuring changes are durable in the sequential log prior to modifying table pages."
"Which relation property defines Boyce-Codd Normal Form (BCNF)?","Every functional dependency X -> Y requires X to be a superkey","Every attribute must be a prime attribute","Multivalued dependencies must not exist","Join dependencies must be trivial","A","DBMS","Medium","BCNF is stricter than 3NF: for every non-trivial functional dependency X -> Y, X must be a candidate key or superkey."
"What is the result of the SQL expression: SELECT NULL = NULL;","TRUE","FALSE","NULL / UNKNOWN","SYNTAX ERROR","C","DBMS","Medium","SQL uses three-valued logic (3VL). Comparisons with NULL evaluate to UNKNOWN/NULL; 'IS NULL' must be used instead."
"What is a clustered index in a relational database management system?","An index built across multiple distinct servers","An index whose physical storage order dictates the physical order of table rows","An index that only indexes foreign keys","A temporary hash table generated during a query","B","DBMS","Medium","Because table rows can only be ordered physically in one way on disk, there can be at most one clustered index per table."
"Which SQL constraint enforces referential integrity between two related tables?","PRIMARY KEY","UNIQUE","FOREIGN KEY","CHECK","C","DBMS","Easy","A FOREIGN KEY references a PRIMARY KEY or UNIQUE key in a parent table to ensure child records point to valid parents."
"In SQL, what is the key difference between DELETE and TRUNCATE?","TRUNCATE can be filtered with a WHERE clause, DELETE cannot","TRUNCATE is a DDL operation that deallocates data pages and does not fire individual row-level triggers","DELETE drops the table schema from the database","TRUNCATE is much slower than DELETE on large tables","B","DBMS","Medium","TRUNCATE resets storage extents rapidly as a DDL command without logging each deleted row or invoking row triggers."
"What does the CAP theorem state regarding distributed data stores?","A system can achieve Consistency, Availability, and Partition Tolerance simultaneously","In the presence of a network partition, a system must choose between Consistency and Availability","Concurrency and Performance cannot co-exist with ACID","Cache access always supersedes primary storage","B","DBMS","Medium","CAP theorem asserts that when network partitions occur (P), a distributed system can either guarantee Consistency (CP) or Availability (AP)."
"What is an index scan that retrieves all required columns directly from the index without inspecting base table pages called?","Index Range Scan","Covering Index (Index-Only Scan)","Bitmap Index Scan","Sequential Table Scan","B","DBMS","Medium","A covering index includes all columns referenced by the query (SELECT, WHERE, ORDER BY), avoiding table heap lookups entirely."
"Which SQL operator checks for the presence of rows returned by a correlated subquery?","IN","EXISTS","BETWEEN","LIKE","B","DBMS","Easy","EXISTS evaluates to TRUE as soon as the inner subquery produces at least one matching row, short-circuiting execution."
"In relational algebra, which operator corresponds to selecting specific columns from a relation?","Selection (sigma)","Projection (pi)","Cartesian Product (x)","Join (bowtie)","B","DBMS","Easy","Projection (pi) extracts vertical subsets (columns), whereas Selection (sigma) extracts horizontal subsets (rows)."
"What is the purpose of an SQL SAVEPOINT?","To write an automated backup to cloud storage","To establish a rollback point within a transaction without aborting the entire transaction","To permanently lock a table from writes","To commit a transaction asynchronously","B","DBMS","Easy","SAVEPOINT marks an intermediate milestone inside a transaction, allowing partial rollback via ROLLBACK TO SAVEPOINT."
"What is a 'Phantom Read' anomaly?","A query re-executes and discovers new rows inserted by another committed transaction matching its search filter","A transaction reads uncommitted cached pages","A read locks out all subsequent read requests","Memory corruption in database shared buffers","A","DBMS","Medium","Phantom read occurs when a transaction queries a range of rows twice and notices that another transaction inserted new matching records."
"Which SQL window function assigns sequential rank numbers without skipping subsequent ranks when ties occur?","RANK()","DENSE_RANK()","ROW_NUMBER()","NTILE()","B","DBMS","Medium","DENSE_RANK() assigns consecutive integer ranks without gaps (e.g. 1, 2, 2, 3), whereas RANK() skips values after ties (1, 2, 2, 4)."
"In database recovery, what does the ARIES protocol execute during its three recovery phases?","Validation, Compilation, Optimization","Analysis, Redo, Undo","Backup, Restore, Checksum","Acquisition, Verification, Commit","B","DBMS","Hard","ARIES operates in three distinct phases: Analysis (determines system state at crash), Redo (repeats history), and Undo (rolls back active transactions)."
"What is the primary trade-off of adding multiple indexes to an OLTP database table?","Queries become slower","Read performance increases, but INSERT, UPDATE, and DELETE operations become slower","Primary keys are automatically invalidated","Transactions lose isolation guarantees","B","DBMS","Easy","Each write operation must update every relevant B-tree index on the table, increasing write latency and storage overhead."
"What is an autonomous or independent transaction in SQL DBMS?","A transaction executed entirely on client memory","A sub-transaction that can commit or roll back independently of the calling parent transaction","A query that executes without acquiring locks","A transaction that bypasses write-ahead logging","B","DBMS","Hard","Autonomous transactions pause the parent transaction context to execute and commit isolated operations (e.g., audit logging) regardless of parent outcome."
"Which of the following describes a Natural Join between relations R and S?","Equi-join on all attributes that have the same name in both relations, eliminating duplicate columns","Cartesian product without any conditional filtering","Theta-join using less-than comparisons","Outer join retaining unmatched rows from both tables","A","DBMS","Medium","Natural join automatically equates columns with matching names in both tables and projects only one instance of each common column."
"In C, what is the output of printf('%d', sizeof('a')); on a standard 32/64-bit architecture?","1","4 (or sizeof(int))","2","8","B","C/C++","Medium","In C, character constants like 'a' have type int, making their sizeof equal to sizeof(int) (usually 4 bytes). In C++, their type is char (1 byte)."
"What does the 'volatile' keyword signify to the C/C++ compiler?","The variable should be stored in CPU registers for fast access","The variable can be modified unexpectedly by external hardware or threads, preventing compiler optimization","The variable is constant and cannot be modified","The variable's memory should be allocated on the heap","B","C/C++","Medium","volatile tells the optimizer not to cache the variable's value in a register because it may change asynchronously outside program control."
"In C++, which smart pointer maintains an atomic reference count and deletes the managed object when the count drops to zero?","std::unique_ptr","std::shared_ptr","std::weak_ptr","std::auto_ptr","B","C/C++","Easy","std::shared_ptr uses a control block with reference count to share ownership of a dynamically allocated resource safely."
"What happens when free() is called twice on the same memory pointer in C?","Nothing, the second call is ignored","Undefined Behavior (Double Free vulnerability / crash)","Memory is allocated back to the program","Segmentation fault is guaranteed to be handled by libc","B","C/C++","Easy","Calling free() twice on the same address corrupts the internal heap manager structures, triggering undefined behavior."
"In C++, what is RAII (Resource Acquisition Is Initialization)?","A compiler flag to enable multithreading","An idiom where resource lifecycle is bound to object lifetime via constructor acquisition and destructor release","A template library for linear algebra","A dynamic memory garbage collector","B","C/C++","Medium","RAII guarantees exception safety and prevents leaks by freeing held locks, file descriptors, and heap memory when the wrapper object leaves scope."
"Consider: int arr[5] = {1, 2, 3, 4, 5}; What is the type of &arr?","int*","int**","int (*)[5] (pointer to array of 5 ints)","int[]","C","C/C++","Hard","While arr decays to int* (pointer to first element), &arr produces a pointer to the entire array of 5 integers: int (*)[5]."
"What is the difference between malloc() and calloc() in C?","malloc initializes allocated memory to zero; calloc leaves it uninitialized","calloc allocates memory and zeroes all bits; malloc leaves memory uninitialized","calloc allocates memory on the stack; malloc allocates on the heap","malloc can only allocate single-byte buffers","B","C/C++","Easy","calloc(n, size) initializes all allocated bytes to zero, whereas malloc(size) returns uninitialized garbage data."
"In modern C++ (C++11 and later), what does std::move() actually do?","It physically copies memory bytes to a new location","It performs an unconditional cast of its argument to an rvalue reference","It deallocates the source object immediately","It spawns a background thread to transfer data","B","C/C++","Medium","std::move does not move anything at runtime; it merely casts an lvalue expression into an rvalue reference (T&&) to enable move semantics."
"What is a 'dangling pointer' in C?","A pointer that has not been initialized","A pointer pointing to a memory location that has already been deallocated or freed","A pointer with value NULL","A void* pointer that cannot be dereferenced","B","C/C++","Easy","A dangling pointer still points to an address whose associated resource has already been reclaimed or expired."
"In C++, what is the effect of declaring a member function with '= 0' (e.g., virtual void draw() = 0;)?","It returns 0 by default","It makes the function a pure virtual function and the class an abstract class","It resets the function pointer after execution","It restricts the function to be called at most zero times","B","C/C++","Easy","A pure virtual function has no definition in the base class (unless explicitly provided out-of-line) and requires concrete derived classes to implement it."
"What will happen in C if you attempt to modify a string literal: char *s = 'Hello'; s[0] = 'h';?","The string becomes 'hello' successfully","Undefined behavior / segmentation fault (string literals reside in read-only memory)","Compile-time error only","s points to a new dynamically allocated string","B","C/C++","Medium","String literals are stored in read-only memory sections (.rodata). Writing to them invokes undefined behavior and typically causes a segmentation fault."
"What is the memory overhead of a virtual function table pointer (vptr) in a 64-bit C++ object?","4 bytes","8 bytes","16 bytes","Zero overhead","B","C/C++","Medium","On a 64-bit architecture, each pointer occupies 8 bytes, so storing the vptr adds 8 bytes to the object size."
"Which operator cannot be overloaded in C++?","+","[]",":: (scope resolution operator)","->","C","C/C++","Easy","Operators that cannot be overloaded in C++ include ::, ., .*, and ?: (ternary conditional)."
"In C, what is the purpose of the 'static' specifier when applied to a global variable?","It allocates the variable on the thread-local stack","It restricts the visibility/linkage of the variable to the translation unit (.c file) in which it is defined","It makes the variable constant","It forces the variable to be initialized to -1","B","C/C++","Medium","A static global variable has internal linkage, preventing other source files from accessing it using extern."
"What does std::weak_ptr solve in C++?","Memory alignment issues","Circular reference cycles that prevent std::shared_ptr from deallocating memory","Stack overflow in deep recursion","Slow dynamic_cast performance","B","C/C++","Medium","weak_ptr holds a non-owning reference to an object managed by shared_ptr, breaking reference cycles that would cause memory leaks."
"What is the return type of the expression (a > b ? a : b) in C++ when a and b are lvalues of type int?","int (rvalue)","int& (lvalue reference)","const int*","void","B","C/C++","Hard","In C++, if the second and third operands of the ternary operator are lvalues of the same type, the result is an lvalue reference (int&), allowing assignments like (a > b ? a : b) = 10;."
"What does the C standard library function setjmp()/longjmp() provide?","Dynamic array resizing","Non-local jumps / low-level exception-like control transfer","Thread synchronization primitives","High-precision timer counters","B","C/C++","Hard","setjmp saves the current execution context in a jmp_buf, and longjmp restores that context to jump across function stack boundaries."
"What does 'extern 'C'' do when compiling C++ code?","Enforces C++ name mangling","Instructs the C++ compiler to use C linkage conventions (no name mangling) for specified declarations","Compiles the code using the C99 standard","Disables standard library headers","B","C/C++","Medium","extern 'C' suppresses C++ function name mangling, allowing C++ code to link cleanly against compiled C libraries."
"What is structure padding in C?","Adding comments to clarify struct layouts","Compiler inserting unused bytes between struct members to align them to natural memory boundaries","Encrypting structure data before network transmission","Allocating extra memory for dynamic expansion","B","C/C++","Medium","CPUs access memory faster when data types are aligned to multiples of their size; compilers insert alignment padding bytes automatically."
"In C++20, what is a Concept?","A new smart pointer for graphics pipelines","A compile-time predicate that constrains template arguments","A replacement for virtual function tables","An asynchronous coroutine scheduler","B","C/C++","Medium","Concepts allow template authors to enforce requirements on template parameters at compile-time with clear error diagnostics."
"In Java, what is the difference between String, StringBuilder, and StringBuffer?","String is mutable; StringBuilder is thread-safe; StringBuffer is non-thread-safe","String is immutable; StringBuilder is mutable and not thread-safe; StringBuffer is mutable and thread-safe (synchronized)","StringBuilder allocates on the stack; StringBuffer allocates on the heap","All three are completely identical in memory and concurrency behavior","B","Java","Easy","String objects are immutable; StringBuilder provides fast unsynchronized string mutations, and StringBuffer synchronizes methods for thread safety."
"What is the contract between equals() and hashCode() in Java?","If two objects have the same hashCode(), they must be equal via equals()","If two objects are equal according to equals(), they must produce the same hashCode()","hashCode() must return a distinct integer for every unique object instance","There is no formal relationship between equals() and hashCode()","B","Java","Medium","Java specifications mandate that if a.equals(b) is true, then a.hashCode() == b.hashCode() must also evaluate to true for hash structures to work."
"Which Garbage Collector in modern Java aims for ultra-low pause times (under 1ms) regardless of heap size?","Serial GC","Parallel GC","ZGC (Z Garbage Collector)","CMS (Concurrent Mark Sweep)","C","Java","Medium","ZGC performs almost all its work concurrently with colored pointers and load barriers to achieve sub-millisecond maximum pause times."
"What does the 'final' keyword signify when applied to a class in Java?","The class cannot be instantiated","The class cannot be subclassed (inherited from)","All methods in the class are private","The class will be destroyed at the end of the main method","B","Java","Easy","A final class (e.g. java.lang.String) cannot be extended by any other class."
"In Java memory architecture, where are object instances allocated?","Thread Stack","Heap Memory","Metaspace","Program Counter register","B","Java","Easy","In standard JVM execution, all Java objects are allocated in the shared Heap memory, while primitive local variables and references live on thread stacks."
"What is the purpose of the 'transient' keyword in Java?","Marks a variable as thread-safe","Prevents a field from being serialized when using Java Object Serialization","Forces the variable to be stored in CPU cache","Allows multiple threads to read the variable without locks","B","Java","Medium","Fields marked transient are skipped by default serialization mechanisms and initialized to default values upon deserialization."
"What will happen if a thread calls wait() on an object without holding that object's monitor lock?","The thread will sleep for 1000 milliseconds","An IllegalMonitorStateException is thrown at runtime","The lock is automatically acquired","A NullPointerException is thrown","B","Java","Medium","wait(), notify(), and notifyAll() must be invoked inside a synchronized block or method synchronized on the target object; otherwise IllegalMonitorStateException occurs."
"What is type erasure in Java Generics?","The JVM deletes class files after compilation","Generic type parameters are checked at compile time and stripped (replaced with Object or bounds) in the compiled bytecode","Primitive types are automatically converted to wrapper objects","Dynamic cast operations are optimized away","B","Java","Medium","To maintain backwards compatibility with pre-generic Java code, the compiler erases generic type parameters from class files and inserts appropriate casts."
"In Java 8+, what is a Functional Interface?","An interface containing zero methods","An interface with exactly one abstract method","An interface that can only be implemented by static classes","An interface that does not allow default methods","B","Java","Easy","A functional interface has exactly one abstract method (Single Abstract Method / SAM) and can be targeted by lambda expressions and method references."
"What is the difference between throw and throws in Java?","throw is used in method signatures; throws is used inside method bodies","throw is used to explicitly instantiate and raise an exception; throws is used in method headers to declare exceptions that may be propagated","throw is for checked exceptions; throws is for unchecked exceptions","Both can be used interchangeably","B","Java","Easy","throw triggers an exception instance immediately; throws declares potential checked exceptions in the method signature."
"Which collection class in java.util provides a thread-safe implementation of a hash map without locking the entire map on every operation?","Hashtable","Collections.synchronizedMap(new HashMap<>())","ConcurrentHashMap","TreeMap","C","Java","Medium","ConcurrentHashMap uses segmented locking and CAS (compare-and-swap) operations on individual buckets, permitting high concurrent throughput."
"What is the Java Memory Model's 'happens-before' guarantee regarding volatile variables?","A write to a volatile variable happens-before every subsequent read of that same volatile variable","Volatile variables are read before any arithmetic operations","Volatile variables can only be modified by the main thread","Volatile writes bypass memory barriers","A","Java","Hard","A volatile write creates a release barrier, guaranteeing that all memory writes made prior to that volatile write are visible to any thread that subsequent reads the volatile variable."
"What is the result of System.out.println(1.0 / 0.0); in Java?","ArithmeticException: / by zero","Infinity","NaN","0.0","B","Java","Medium","Floating-point arithmetic in Java complies with IEEE 754: dividing non-zero floating-point numbers by 0.0 yields Infinity rather than throwing an exception."
"What was Metaspace introduced to replace in Java 8?","Young Generation","Permanent Generation (PermGen)","Survivor Spaces","Thread Stack","B","Java","Medium","Metaspace stores class metadata in native memory off-heap, replacing the fixed-size PermGen to avoid java.lang.OutOfMemoryError: PermGen space."
"Which Java keyword is used inside a method to prevent multiple threads from concurrently executing that block on the same monitor object?","atomic","synchronized","locked","threadsafe","B","Java","Easy","The synchronized keyword establishes mutual exclusion on an object's intrinsic monitor lock."
"What does try-with-resources require from any object declared inside the try parentheses?","The class must extend Thread","The class must implement java.lang.AutoCloseable or java.io.Closeable","The object must be marked final","The class must be serializable","B","Java","Easy","try-with-resources automatically invokes close() on any object implementing AutoCloseable upon completing or failing the block."
"In Java, what is the default capacity of an ArrayList when elements are first added to an empty ArrayList()?","1","10","16","32","B","Java","Easy","An ArrayList initialized with the default constructor starts with empty storage and allocates an initial capacity of 10 upon first element addition."
"What is the difference between Checked and Unchecked exceptions in Java?","Checked exceptions inherit directly from Error; unchecked inherit from Exception","Checked exceptions extend Exception (excluding RuntimeException) and must be caught or declared; unchecked extend RuntimeException or Error","Unchecked exceptions are verified by the compiler before compilation","Checked exceptions crash the JVM immediately","B","Java","Easy","Checked exceptions are enforced at compile time via try-catch or throws clauses; unchecked exceptions (RuntimeException) do not mandate compile-time handling."
"What feature introduced in Java 14+ / 16 provides immutable data-carrier classes with automatic constructor, getters, equals(), and hashCode()?","Sealed Classes","Records","Enums","Modules","B","Java","Easy","Java Records (e.g. record Person(String name, int age) {}) serve as concise, transparent data holders with compiler-generated boilerplate."
"What is the effect of calling Thread.yield() in Java?","Terminates the current thread","Hints to the thread scheduler that the current thread is willing to surrender its current use of a processor","Causes the thread to sleep for exactly 100 milliseconds","Releases all acquired synchronized locks","B","Java","Medium","Thread.yield() provides a heuristic hint to the OS scheduler that the thread is willing to yield; the scheduler may freely ignore it."
"What is the Global Interpreter Lock (GIL) in standard CPython?","A security sandbox preventing Python scripts from accessing local file storage","A mutex that protects access to Python objects, preventing multiple native threads from executing Python bytecodes simultaneously","A garbage collection algorithm based on generational sweeping","A compiler tool that converts Python code into WebAssembly","B","Python","Medium","CPython's GIL restricts bytecode execution to one native thread at a time to simplify memory management and reference counting."
"What is the output of the Python expression: [x for x in [1, 2, 3] if x % 2 != 0]?","[1, 3]","[2]","[1, 2, 3]","[]","A","Python","Easy","List comprehension filters elements where x % 2 != 0 (odd numbers), yielding [1, 3]."
"Which of the following built-in Python data types is mutable?","tuple","frozenset","str","bytearray","D","Python","Medium","tuple, frozenset, and str are immutable in Python; bytearray is a mutable sequence of integers in the range 0 <= x < 256."
"What does the 'yield' keyword do inside a Python function?","Aborts function execution and raises an exception","Turns the function into a generator that produces values lazily across iterations","Spawns a new background operating system process","Returns an immutable tuple of arguments","B","Python","Easy","Functions containing yield return a generator object, freezing their execution state between successive next() calls."
"In Python, how is method resolution order (MRO) determined for classes with multiple inheritance?","Depth-First Search left-to-right","C3 Linearization Algorithm","Breadth-First Search bottom-up","Randomized order","B","Python","Medium","Python utilizes the C3 Linearization algorithm to compute a deterministic, monotonic Method Resolution Order."
"What is the danger of using a mutable default argument in a Python function, such as def append_to(val, target=[]):?","It triggers a TypeError on invocation","The default list is created once at function definition time and shared across all subsequent invocations","It causes memory allocation failure on the stack","Python automatically clears the list after each call","B","Python","Medium","Default parameter values evaluate once when the def statement executes; modifying target in-place affects subsequent calls that omit the parameter."
"What is the primary difference between 'is' and '==' operators in Python?","'is' checks equality of values; '==' checks identity (memory address)","'is' checks identity (memory address via id()); '==' checks equality of values","'is' only works with strings; '==' works with numbers","They are completely interchangeable aliases","B","Python","Easy","'is' checks if two variables point to the exact same object in memory, while '==' invokes the __eq__ method to compare values."
"Which dunder (magic) method is called in Python when an object is used inside a 'with' statement?","__init__","__enter__","__call__","__iter__","B","Python","Easy","Context managers invoke __enter__ upon entering the with block and __exit__ when exiting."
"What does the @staticmethod decorator do in a Python class?","Passes the instance (self) as the first argument automatically","Defines a method that does not receive an implicit first argument (neither self nor cls)","Makes the method private and inaccessible from outside","Caches the return value across all calls","B","Python","Easy","@staticmethod methods behave like regular plain functions bound to the class namespace, receiving neither self nor cls."
"In Python, what is the output of bool('False')?","False","True","None","TypeError","B","Python","Medium","Any non-empty string in Python evaluates to True when cast to bool, regardless of its textual contents."
"How does Python handle reference counting cycles in garbage collection?","Circular references cannot be collected in Python and always leak memory","A cyclic garbage collector uses generational tracking to detect unreachable reference cycles","The GIL automatically deletes cycles every 10 seconds","Circular references raise a RecursionError","B","Python","Medium","While reference counting handles straightforward deallocation, Python's gc module periodically scans young/old generations to identify isolated circular reference clusters."
"What does the functools.lru_cache decorator do in Python?","Compiles functions to Cython code","Wraps a function with a memoizing callable that saves the up to maxsize most recent calls","Forces the function to run asynchronously","Converts function parameters into JSON","B","Python","Easy","functools.lru_cache caches function results based on argument tuples using a Least Recently Used eviction strategy."
"What is the output of the slice expression: 'Python'[::-1]?","'Python'","'nohtyP'","'P'","IndexError","B","Python","Easy","A slice with step -1 and omitted start/stop traverses the sequence in reverse order."
"What is the purpose of __slots__ in a Python class definition?","Enables multi-core parallelism","Prevents creation of the default __dict__ instance dictionary, reducing memory usage and restricting attributes","Defines database table columns automatically","Allows classes to be indexed with brackets like dictionaries","B","Python","Medium","__slots__ tells Python not to create a per-instance __dict__, allocating a fixed array of attribute references and saving considerable memory."
"Which Python standard library module is used for cooperative multitasking with async/await syntax?","multiprocessing","threading","asyncio","socket","C","Python","Easy","asyncio provides the foundation for writing concurrent single-threaded applications with coroutines and event loops."
"What happens when you execute: a, b = b, a in Python?","SyntaxError","Values of a and b are swapped cleanly using tuple packing and unpacking without a temporary variable","Both a and b are assigned the value of b","b is deleted","B","Python","Easy","The right-hand side creates a 2-tuple (b, a) which is unpacked into identifiers a and b in one atomic operation."
"In Python, which function converts a code object or string into executable bytecode and runs it in the current scope?","eval()","exec()","compile()","run()","B","Python","Medium","exec() dynamically executes arbitrary Python code statements, whereas eval() evaluates a single expression and returns its value."
"What is a closure in Python?","A function that has been deleted from memory","A nested function that retains access to variables in its enclosing scope even after the outer function has finished executing","A class with no methods","A file that has been closed by a context manager","B","Python","Medium","A closure captures non-local variables from the outer lexical scope into its __closure__ attribute."
"What is the time complexity of checking membership (x in collection) for a Python set vs a Python list of size n on average?","Set: O(n), List: O(1)","Set: O(1), List: O(n)","Set: O(log n), List: O(log n)","Both are O(n)","B","Python","Easy","Sets are implemented as hash tables offering O(1) average lookup, whereas list containment requires linear O(n) search."
"What does the PEP 8 style guide recommend as the indentation standard for Python code?","1 Tab character","4 Spaces","2 Spaces","8 Spaces","B","Python","Easy","PEP 8 specifies exactly 4 spaces per indentation level and advises against mixing tabs and spaces."
"Which of the following is NOT one of Coffman's four conditions required for a Deadlock to occur?","Mutual Exclusion","Hold and Wait","Preemption Allowed","Circular Wait","C","Operating Systems","Easy","The four Coffman conditions are: Mutual Exclusion, Hold and Wait, No Preemption, and Circular Wait. Preemption breaks deadlocks."
"What is the purpose of the Translation Lookaside Buffer (TLB) in virtual memory management?","To store dirty disk blocks before writing to drive","A high-speed hardware cache that stores recent virtual-to-physical address translations","To coordinate scheduling between user threads and kernel threads","To compress virtual memory pages","B","Operating Systems","Medium","The TLB caches page table entries inside the MMU, avoiding high-latency memory bus traversals on every address translation."
"What is 'Thrashing' in an operating system?","A CPU running at maximum clock frequency under high thermal load","A state where the system spends more time servicing page faults than executing instructions","A deadlock between multiple peripheral devices","A process repeatedly crashing due to segmentation faults","B","Operating Systems","Easy","Thrashing occurs when the collective working sets of active processes exceed physical RAM, causing constant disk paging."
"Which CPU scheduling algorithm is theoretically optimal for minimizing average waiting time but cannot be practically implemented for general processes?","First-Come, First-Served (FCFS)","Round Robin (RR)","Shortest Job First (SJF) / Shortest Remaining Time First (SRTF)","Multilevel Feedback Queue","C","Operating Systems","Medium","SJF minimizes average wait time mathematically, but the OS kernel cannot predict the exact future CPU burst lengths of processes."
"What is the primary difference between a Process and a Thread?","Processes share memory space; threads have independent isolated address spaces","Processes have their own isolated virtual address space; threads within the same process share code, data, and heap memory","Threads can only run on single-core CPUs","Creating a process is faster and lighter than creating a thread","B","Operating Systems","Easy","A process is an execution environment with private memory; threads are lightweight execution units sharing the parent process's address space."
"In Unix/Linux, what is a 'Zombie Process'?","A process running an infinite loop","A process that has finished execution but still has an entry in the process table because its parent has not read its exit status via wait()","A process whose parent has terminated","A malware process masquerading as a system daemon","B","Operating Systems","Medium","A zombie process has exited and freed its memory, but retains its PID and exit code in the process table until the parent invokes wait()."
"What is Belady's Anomaly in page replacement algorithms?","Increasing the number of page frames causes more page faults to occur","Least Recently Used (LRU) performs worse than First-In-First-Out (FIFO)","The CPU cache misses on contiguous array reads","Page sizes smaller than 4KB cause memory fragmentation","A","Operating Systems","Medium","Belady's Anomaly occurs in FIFO page replacement, where adding more memory frames paradoxically results in an increased number of page faults."
"What system call is used in Unix-like systems to create a new child process as an exact duplicate of the calling process?","exec()","fork()","spawn()","clone()","B","Operating Systems","Easy","fork() clones the calling process, returning 0 to the child and the child's PID to the parent process."
"What mechanism allows the operating system kernel to regain control of the CPU from a runaway user-mode program?","Timer Interrupt","Page Table Walk","System Bus Arbiter","Direct Memory Access (DMA)","A","Operating Systems","Medium","Hardware periodic timer interrupts preempt user processes and hand CPU execution back to the kernel scheduler."
"What is an Inode in Unix filesystem architecture?","A network routing protocol","A data structure that stores metadata about a file (permissions, size, owner, data block pointers) except its name","The root directory mount point","A virtual swap partition","B","Operating Systems","Medium","An inode records all attributes and physical block locations of a file; file names and directory links are stored separately in directory files."
"What problem does the Banker's Algorithm solve in operating systems?","Memory defragmentation","Deadlock Avoidance by testing for a safe state prior to resource allocation","Disk scheduling for SSD wear leveling","Network packet queueing","B","Operating Systems","Medium","Dijkstra's Banker's algorithm checks whether granting a resource request leaves the system in a safe state where all processes can finish."
"What is the difference between a mutex and a binary semaphore?","A mutex has ownership semantics (only the thread that locked it can unlock it); a semaphore can be signaled by any thread","A semaphore can only be used by one process; a mutex works across machines","A mutex allows counting up to 10; semaphores are limited to 1","There is no difference; they are exact synonyms","A","Operating Systems","Medium","A mutex is a locking mechanism with strict thread ownership, whereas a semaphore is a signaling mechanism without ownership constraints."
"What is Priority Inversion in real-time operating systems?","A low-priority task finishes before a high-priority task because of CPU burst size","A high-priority task is blocked waiting for a resource held by a low-priority task, while a medium-priority task preempts the low-priority task","The scheduler reverses task priorities after midnight","A task raises its own priority without kernel permission","B","Operating Systems","Hard","Priority inversion occurs when a medium task starves a low task holding a lock needed by a high task; solved via Priority Inheritance."
"What technique does Copy-On-Write (COW) employ during process creation with fork()?","The kernel immediately duplicates all physical memory pages for the child","Parent and child share the same physical pages marked read-only; a private duplicate is created only when either process attempts to write","Memory is copied directly to the swap partition","Child processes run without any write access forever","B","Operating Systems","Medium","COW defers expensive memory copying by sharing pages until a write occurs, triggering a page fault that duplicates only the modified page."
"Which of the following memory allocation issues occurs when free memory blocks are scattered throughout RAM, each too small to satisfy a request?","Internal Fragmentation","External Fragmentation","Page Faulting","Cache Thrashing","B","Operating Systems","Easy","External fragmentation occurs when total free space exists to satisfy a request, but it is split into non-contiguous blocks."
"What happens during a CPU Context Switch?","The CPU halts and restarts the power cycle","The OS saves the state (registers, PC) of the currently running process and restores the state of the scheduled process","Virtual memory is wiped clean","The BIOS reinitializes hardware peripherals","B","Operating Systems","Easy","Context switching stores volatile CPU register states into the Process Control Block (PCB) and loads the new process's context."
"In disk scheduling, what is the elevator algorithm commonly known as?","FCFS","SSTF (Shortest Seek Time First)","SCAN","Round Robin","C","Operating Systems","Easy","SCAN moves the disk arm across cylinders in one direction servicing requests until it hits the end, then reverses direction (like an elevator)."
"What is an Orphan Process in Unix?","A process running without an executable on disk","A process whose parent process terminated before it did (adopted by init / systemd / PID 1)","A process that has deadlocked","A process that cannot allocate memory","B","Operating Systems","Easy","When a parent exits before its child, the child becomes an orphan and is reparented to systemd or init (PID 1), which reaps it upon exit."
"What CPU instruction is commonly used to implement atomic locks without disabling interrupts?","JUMP","Test-And-Set / Compare-And-Swap (CAS)","NOP","PUSH","B","Operating Systems","Medium","Hardware-supported atomic instructions like Compare-And-Swap (CAS) or Test-and-Set modify memory in a single bus transaction."
"What does RAID 5 use to provide fault tolerance with single-disk failure recovery?","Full disk mirroring","Distributed Parity across all member disks","Dedicated single parity disk","Checksum caching in RAM","B","Operating Systems","Medium","RAID 5 stripes data and parity blocks across at least 3 drives, tolerating the failure of any one drive via XOR parity recalculation."
"Which layer of the OSI model is responsible for end-to-end reliability, flow control, and port addressing?","Network Layer","Transport Layer","Data Link Layer","Session Layer","B","Computer Networks","Easy","The Transport Layer (Layer 4, e.g. TCP/UDP) handles port multiplexing, segmentation, flow control, and error recovery."
"In TCP, what flags are exchanged during the standard Three-Way Handshake to establish a connection?","FIN -> ACK -> FIN-ACK","SYN -> SYN-ACK -> ACK","RST -> SYN -> ACK","PING -> PONG -> ACK","B","Computer Networks","Easy","Client sends SYN, server responds with SYN-ACK, client completes handshake by transmitting ACK."
"What is the primary function of the Address Resolution Protocol (ARP)?","Resolves domain names into IP addresses","Maps a known logical IP address to a physical MAC address on a local network segment","Assigns dynamic IP addresses to new clients","Encrypts packets at the transport layer","B","Computer Networks","Easy","ARP broadcasts a query on the local link layer to discover the hardware MAC address associated with an IPv4 address."
"What is the maximum payload size (MTU) of a standard standard Ethernet frame without jumbo frames?","512 bytes","1500 bytes","4096 bytes","65535 bytes","B","Computer Networks","Medium","Standard Ethernet frames enforce an MTU (Maximum Transmission Unit) of 1500 bytes for the IP packet payload."
"Which TCP congestion control state is entered immediately after a packet loss is detected via 3 duplicate ACKs in TCP Reno?","Slow Start","Fast Recovery (and Fast Retransmit)","Time Wait","Connection Teardown","B","Computer Networks","Medium","Receiving 3 duplicate ACKs triggers Fast Retransmit and enters Fast Recovery, halving the congestion window rather than resetting to 1."
"What does the TIME_WAIT state in TCP connection teardown ensure?","The server allocates extra RAM for new sockets","Late-arriving delayed packets from the old connection do not corrupt a new connection using the same socket tuple","The router flushes its NAT translation table","DNS records are updated worldwide","B","Computer Networks","Hard","TIME_WAIT lasts 2 * MSL (Maximum Segment Lifetime) to ensure the final ACK reached the peer and lingering duplicate packets drain from the network."
"Which DNS record type maps an IPv6 hostname to a 128-bit IPv6 address?","A","AAAA","CNAME","PTR","B","Computer Networks","Easy","An A record maps to 32-bit IPv4 addresses, while a 'quad-A' (AAAA) record maps to 128-bit IPv6 addresses."
"What is the network address of the CIDR block 192.168.1.130/26?","192.168.1.0","192.168.1.128","192.168.1.64","192.168.1.192","B","Computer Networks","Medium","A /26 mask has binary mask 11111111.11111111.11111111.11000000 (255.255.255.192). 130 AND 192 = 128, giving 192.168.1.128."
"What protocol does the 'ping' command use to test network reachability?","TCP Echo","ICMP (Internet Control Message Protocol)","UDP Port 53","BGP","B","Computer Networks","Easy","Ping transmits ICMP Echo Request packets (Type 8) and listens for ICMP Echo Reply packets (Type 0)."
"Which routing protocol is an Exterior Gateway Protocol (EGP) used to route traffic between Autonomous Systems across the global Internet?","OSPF","RIP","BGP (Border Gateway Protocol)","IS-IS","C","Computer Networks","Medium","BGP is the de-facto path-vector protocol that routes traffic between distinct internet Autonomous Systems (AS)."
"What transport protocol does HTTP/3 utilize instead of TCP?","SCTP","QUIC (built on top of UDP)","Raw IP Sockets","TLS over ICMP","B","Computer Networks","Medium","HTTP/3 runs over QUIC, a multiplexed transport protocol layered on UDP that eliminates head-of-line blocking."
"What is the purpose of the TTL (Time to Live) field in an IPv4 packet header?","Indicates how many seconds until the payload expires in cache","Prevents packets from looping infinitely in routing loops by decrementing at each hop and dropping at 0","Controls the maximum baud rate of the network link","Defines the encryption key rotation period","B","Computer Networks","Easy","Each router decrements TTL by at least 1; if TTL reaches zero, the packet is discarded and an ICMP Time Exceeded message is returned."
"In symmetric cryptography vs asymmetric cryptography, which of the following is true?","Symmetric uses the same secret key for both encryption and decryption and is substantially faster","Asymmetric uses the same key for both parties","RSA is a symmetric algorithm; AES is an asymmetric algorithm","Asymmetric encryption does not require public keys","A","Computer Networks","Easy","Symmetric ciphers (e.g. AES) use a single shared key and have high computational throughput, while asymmetric ciphers (e.g. RSA, ECC) use public/private pairs."
"What port number does HTTPS securely listen on by default?","80","443","8080","22","B","Computer Networks","Easy","HTTP defaults to port 80; HTTPS defaults to port 443."
"What technique prevents Head-of-Line (HoL) blocking at the stream level in HTTP/2?","Increasing TCP packet window size to 1GB","Multiplexing multiple independent bidirectional streams concurrently over a single TCP connection","Splitting packets across multiple Wi-Fi antennas","Compressing images with gzip","B","Computer Networks","Medium","HTTP/2 introduces binary framing and concurrent independent streams over one connection, though TCP packet-level loss can still cause transport-level blocking."
"What problem occurs when a machine learning model fits training data too closely, capturing noise rather than generalizing to unseen data?","Underfitting","Overfitting","Vanishing Gradient","Data Leakage","B","AI/ML Basics","Easy","Overfitting occurs when high model capacity memorizes training noise, leading to low training error but high test error."
"Which activation function computes f(x) = max(0, x)?","Sigmoid","Tanh","ReLU (Rectified Linear Unit)","Softmax","C","AI/ML Basics","Easy","ReLU outputs x if x > 0 and 0 otherwise, widely favored for combating vanishing gradients in deep networks."
"In neural network training, what algorithm calculates the partial derivative of the loss function with respect to every weight using the chain rule?","Forward Propagation","Backpropagation","K-Means Clustering","Principal Component Analysis","B","AI/ML Basics","Easy","Backpropagation applies the calculus chain rule recursively backwards from the loss output through all layers."
"What does the Area Under the Receiver Operating Characteristic Curve (ROC-AUC) measure?","Regression mean squared error","A binary classifier's ability to discriminate between positive and negative classes across all classification thresholds","Speed of stochastic gradient descent convergence","Variance of neural network weights","B","AI/ML Basics","Medium","ROC-AUC plots True Positive Rate vs False Positive Rate across all decision cutoffs, where 1.0 represents perfect discrimination."
"Which clustering algorithm is an unsupervised learning method that iteratively partitions n observations into k clusters based on nearest mean centroids?","K-Nearest Neighbors (KNN)","K-Means Clustering","Linear Discriminant Analysis","Random Forest","B","AI/ML Basics","Easy","K-Means is an unsupervised clustering algorithm assigning points to nearest centroids and recalculating means iteratively (KNN is supervised)."
"What core mechanism powers the Transformer architecture introduced in the paper 'Attention Is All You Need'?","Recurrent Convolutional Filtering","Scaled Dot-Product Self-Attention","Markov Decision Processes","Simulated Annealing","B","AI/ML Basics","Medium","Transformers rely on multi-head scaled dot-product self-attention to compute dynamic contextual relationships across all tokens in parallel."
"What is the difference between L1 (Lasso) and L2 (Ridge) regularization?","L1 adds squared weights; L2 adds absolute weights","L1 adds the absolute value of coefficients (driving irrelevant weights to exactly zero / sparsity); L2 adds squared magnitude (shrinking weights smoothly)","L1 increases model complexity; L2 decreases learning rate","L2 cannot be used in neural networks","B","AI/ML Basics","Medium","L1 penalty encourages sparse parameter vectors (feature selection), while L2 penalizes large weights proportionally without zeroing them."
"What is the purpose of Dropout in deep neural networks?","To eliminate obsolete training dataset rows","A regularization technique that randomly deactivates a fraction of neurons during training to prevent co-adaptation","To compress model weights for mobile deployment","To reset learning rates when training plateaus","B","AI/ML Basics","Easy","Dropout randomly sets activations to 0 with probability p during training, forcing representations to be redundant and robust."
"What is precision in machine learning classification?","True Positives / (True Positives + False Positives)","True Positives / (True Positives + False Negatives)","(True Positives + True Negatives) / Total Samples","False Positives / True Negatives","A","AI/ML Basics","Medium","Precision measures the proportion of predicted positive instances that were actually correct (TP / (TP + FP)). Recall is TP / (TP + FN)."
"Which loss function is standard for training multi-class classification neural networks with Softmax output?","Mean Squared Error (MSE)","Categorical Cross-Entropy","Hinge Loss","Huber Loss","B","AI/ML Basics","Easy","Categorical Cross-Entropy measures divergence between predicted probability distributions and true one-hot targets."
"What is the Vanishing Gradient problem in deep networks?","Gradients become exponentially large, causing arithmetic overflow","Gradients shrink exponentially towards zero as they propagate back through layers, preventing early layers from learning","The learning rate becomes negative","Weights diverge to infinity","B","AI/ML Basics","Medium","Repeated multiplication of small derivatives (e.g. from sigmoid) causes gradients to vanish near initial layers in deep networks."
"What is the primary difference between Bagging and Boosting ensemble methods?","Bagging trains base models sequentially; Boosting trains them independently in parallel","Bagging (e.g. Random Forest) trains models in parallel to reduce variance; Boosting (e.g. XGBoost) trains sequentially to reduce bias by focusing on previous mistakes","Boosting only works on linear regression","Bagging requires neural networks; Boosting requires decision trees","B","AI/ML Basics","Medium","Bagging creates parallel bootstrap replicas to dampen variance; Boosting trains sequentially, assigning higher sample weights to misclassified instances."
"In Reinforcement Learning, what equation expresses the value of a state as the immediate reward plus the discounted expected future value?","Navier-Stokes Equation","Bellman Equation","Schrödinger Equation","Euler-Lagrange Equation","B","AI/ML Basics","Medium","The Bellman Equation decomposes value functions into immediate reward R(s, a) + gamma * sum(P * V(s')) for dynamic programming in MDPs."
"What does temperature control when sampling text from a Large Language Model (LLM)?","GPU core temperature in Celsius","The sharpness of the output token probability distribution (lower temperature = more deterministic; higher = more random/creative)","Maximum response generation time in seconds","Context window size in tokens","B","AI/ML Basics","Easy","Temperature scales logits before softmax: dividing by low T concentrates probability mass on the top token, while higher T flattens the distribution."
"What technique in Deep Learning normalizes the activations of each layer across the mini-batch to accelerate training and reduce internal covariate shift?","Batch Normalization","Data Augmentation","Gradient Clipping","Weight Pruning","A","AI/ML Basics","Easy","Batch Normalization standardizes inputs to each layer by subtracting the batch mean and dividing by the batch standard deviation."